Player;Shot;Type;Stroke;Spin;Speed (KM/H);Point;Game;Set;Bounce Depth;Bounce Zone;Bounce Side;Bounce (x);Bounce (y);Hit Depth;Hit Zone;Hit Side;Hit (x);Hit (y);Hit (z);Direction;Result;Favorited;Start Time;Video Time
Rasmus Kopperud Riis;1;serve;Serve;Flat;105,317802;2;0;0;deep;deuce;far;-0,66434;21,64712;deep;deuce;near;0,724383;0,019904;2,800405;down the T;Out;false;12:13:08;
Reidar Andreas Tveit;2;return;Backhand;Flat;57,105305;2;0;0;deep;ad;near;-4,105371;0,27391;out;deuce;far;-0,841346;24,476059;1,546901;inside in;In;false;12:13:09;
Rasmus Kopperud Riis;3;serve_plus_one;Backhand;Topspin;64,297211;2;0;0;deep;ad;far;0,686076;20,226582;out;ad_alley;near;-4,210533;-1,675692;0,141384;down the line;In;false;12:13:11;
Rasmus Kopperud Riis;1;serve;Serve;Slice;68,585442;3;0;0;short;deuce;far;-0,096779;14,107809;deep;ad;near;-0,616569;0,506846;2,646123;down the T;Out;false;12:13:21;
Rasmus Kopperud Riis;1;serve;Serve;Flat;114,349289;4;0;0;short;ad;far;1,796544;18,264807;deep;ad;near;-0,564551;-0,035631;2,603111;down the T;In;false;12:13:25;
Reidar Andreas Tveit;2;return;Backhand;Topspin;55,561352;4;0;0;out;ad;far;1,618217;23,898584;deep;ad;far;1,571499;24,081785;3,188735;cross court;Net;false;12:13:26;
Reidar Andreas Tveit;3;serve_plus_one;Backhand;Flat;140,488266;4;0;0;short;deuce;near;0,930119;7,351275;deep;ad;far;1,618217;21,649643;1,603863;down the line;In;false;12:13:27;
Rasmus Kopperud Riis;4;return_plus_one;Forehand;Topspin;77,654778;4;0;0;out;deuce;far;-3,662567;23,80172;deep;deuce;near;0,881172;1,525128;0,876176;cross court;Out;false;12:13:28;
Rasmus Kopperud Riis;1;serve;Serve;Slice;108,76355;5;0;0;deep;deuce;far;-2,084099;18,304621;deep;deuce;near;0,767904;0,022945;2,682935;down the T;Out;false;12:13:41;
Reidar Andreas Tveit;2;return;Backhand;Slice;46,668533;5;0;0;short;ad;near;-3,002524;9,590492;out;deuce;far;-0,831132;24,818928;2,108908;inside in;In;false;12:13:42;
Rasmus Kopperud Riis;1;serve;Serve;Slice;116,186119;6;0;0;short;deuce;far;-1,936679;18,285097;deep;deuce;near;0,511226;0,753043;2,668512;down the T;In;false;12:13:51;
Reidar Andreas Tveit;2;return;Backhand;Slice;54,972343;6;0;0;deep;deuce;near;1,936796;2,784656;deep;deuce;far;-0,981125;23,754961;1,517556;inside out;In;false;12:13:52;
Rasmus Kopperud Riis;3;serve_plus_one;Forehand;Topspin;69,83371;6;0;0;deep;ad;far;0,340306;21,12965;out;deuce;near;2,006685;-0,264704;1,432621;down the line;In;false;12:13:54;
Reidar Andreas Tveit;4;return_plus_one;Backhand;Topspin;45,751194;6;0;0;deep;ad;near;-0,653995;4,542587;deep;ad;far;0,340306;21,775742;2,934964;cross court;In;false;12:13:55;
Rasmus Kopperud Riis;5;in_play;Forehand;Flat;80,673019;6;0;0;deep;ad;far;3,197315;21,143177;out;ad;near;-0,970642;-1,50298;0,755545;inside out;In;false;12:13:57;
Reidar Andreas Tveit;6;in_play;Backhand;Topspin;22,151503;6;0;0;out;ad;far;3,21424;24,765493;deep;ad;far;3,200977;23,550797;3,809984;cross court;Net;false;12:13:59;
Rasmus Kopperud Riis;1;serve;Serve;Flat;54,7449;8;0;0;deep;ad;far;0,178344;18,363688;deep;deuce;near;-0,099463;-0,087625;2,642348;down the T;Out;false;12:14:15;
Rasmus Kopperud Riis;1;serve;Serve;Flat;83,974648;9;0;0;short;ad;far;0,648019;16,779741;deep;ad;near;-0,254918;0,424559;2,706532;down the T;In;false;12:14:23;
Reidar Andreas Tveit;2;return;Forehand;Flat;59,126827;9;0;0;short;deuce;far;-0,773955;17,152088;deep;ad;far;0,942554;22,671782;2,541528;inside in;Net;false;12:14:24;
Reidar Andreas Tveit;1;serve;Serve;Slice;76,482491;10;0;0;short;deuce;far;-0,863622;17,182703;deep;ad;near;0,443481;0,369489;2,645665;down the T;Out;false;12:14:57;
Rasmus Kopperud Riis;2;return;Backhand;Flat;74,863136;10;0;0;deep;ad;near;-1,166537;4,650535;deep;deuce;far;-0,863622;23,234093;1,709051;inside in;In;false;12:14:58;
Reidar Andreas Tveit;3;serve_plus_one;Backhand;Flat;55,118729;10;0;0;short;deuce;near;0,730515;10,042593;deep;ad;near;-1,056997;0,396389;1,521311;down the line;Net;false;12:15:00;
Reidar Andreas Tveit;1;serve;Serve;Flat;113,973343;11;0;0;deep;ad;far;1,445593;22,26367;deep;ad;near;-0,771265;0,907372;2,802854;down the T;Out;false;12:15:13;
Rasmus Kopperud Riis;2;return;Forehand;Flat;40,54335;11;0;0;short;ad;far;1,19276;13,564449;out;ad;far;1,601401;24,440054;2,214179;inside out;Net;false;12:15:14;
Reidar Andreas Tveit;1;serve;Serve;Slice;100,195869;12;0;0;short;ad;far;1,64887;16,470987;deep;ad;near;-0,556206;-0,35764;3,048288;down the T;In;false;12:15:21;
Rasmus Kopperud Riis;2;return;Forehand;Flat;62,184555;12;0;0;deep;ad;near;-0,727313;2,046474;deep;ad;far;1,266071;21,601328;2,197342;inside out;In;false;12:15:22;
Reidar Andreas Tveit;3;serve_plus_one;Forehand;Flat;65,956551;12;0;0;deep;deuce;far;-1,077865;22,072392;out;ad;near;-0,859251;-0,985264;1,16681;inside in;In;false;12:15:24;
Reidar Andreas Tveit;1;serve;Serve;Flat;130,959961;13;0;0;deep;deuce;far;-1,038127;20,042406;deep;deuce;near;0,562011;0,077205;2,658106;down the T;Out;false;12:15:48;
Rasmus Kopperud Riis;2;return;Backhand;Flat;42,189201;13;0;0;short;ad;far;0,64733;14,950462;deep;deuce;far;-0,24792;24,369005;1,832266;inside in;Net;false;12:15:50;
Reidar Andreas Tveit;1;serve;Serve;Flat;130,751678;14;0;0;short;ad;far;2,401462;18,270769;deep;ad;near;-0,567799;0,921308;2,853441;out wide;In;false;12:16:06;
Rasmus Kopperud Riis;2;return;Forehand;Flat;53,214664;14;0;0;short;ad;near;-2,808719;6,218413;deep;ad;far;2,149892;23,164867;1,620274;inside out;In;false;12:16:07;
Reidar Andreas Tveit;3;serve_plus_one;Backhand;Slice;72,937447;14;0;0;deep;ad;far;1,255808;21,97649;deep;ad;near;-4,005979;0,842161;1,851737;cross court;In;false;12:16:10;
Rasmus Kopperud Riis;4;return_plus_one;Forehand;Slice;34,941994;14;0;0;short;deuce;near;1,711681;10,540303;deep;ad;far;1,255808;22,622581;2,84938;inside in;In;false;12:16:11;
Reidar Andreas Tveit;1;serve;Serve;Flat;68,368317;16;0;0;short;ad;near;-0,538011;6,119807;deep;deuce;near;0,34874;0,51189;2,620042;down the T;Net;false;12:16:26;
Reidar Andreas Tveit;1;serve;Serve;Flat;69,822174;17;0;0;deep;deuce;far;-3,955158;18,308119;deep;deuce;near;0,468192;-0,055466;2,757431;out wide;Out;false;12:16:35;
Rasmus Kopperud Riis;2;return;Forehand;Slice;53,369869;17;0;0;deep;deuce;near;2,355521;5,456199;out;deuce_alley;far;-4,14415;25,493134;1,130222;down the line;In;false;12:16:36;
Reidar Andreas Tveit;3;serve_plus_one;Forehand;Slice;51,018387;17;0;0;short;ad;far;1,058977;18,224731;deep;deuce;near;0,996907;2,921108;2,706252;down the line;In;false;12:16:39;
Reidar Andreas Tveit;1;serve;Serve;Flat;43,037167;18;0;0;short;ad;near;-0,311072;10,172619;deep;deuce;near;-0,924543;0,474925;2,823281;down the T;Net;false;12:16:49;
Reidar Andreas Tveit;1;serve;Serve;Flat;94,725281;19;0;0;deep;ad;far;0,199086;18,30979;out;ad;near;-0,495405;-0,248038;2,566706;down the T;Out;false;12:16:58;
Rasmus Kopperud Riis;2;return;Forehand;Topspin;65,176888;19;0;0;deep;deuce;near;1,264504;3,231525;out;ad;far;0,964955;24,679274;3,557518;inside in;In;false;12:16:59;
Reidar Andreas Tveit;1;serve;Serve;Flat;89,774742;20;0;0;deep;deuce;far;-1,395812;19,438017;deep;deuce;near;0,559895;1,178399;2,825631;down the T;Out;false;12:17:08;
Rasmus Kopperud Riis;2;return;Backhand;Flat;40,799114;20;0;0;short;deuce;far;-1,684598;17,077103;out;deuce;far;-1,15938;25,224039;1,014217;inside out;Net;false;12:17:10;
Reidar Andreas Tveit;1;serve;Serve;Flat;80,67627;21;0;0;short;ad;far;0,802277;11,927505;deep;ad;near;-0,611304;-0,029647;3,170954;down the T;In;false;12:17:27;
Rasmus Kopperud Riis;1;serve;Serve;Flat;156,946289;23;0;0;short;deuce;near;2,227561;6,519302;deep;deuce;far;-0,191456;23,425589;4,348172;down the T;In;false;12:17:50;
Reidar Andreas Tveit;2;return;Backhand;Flat;61,636257;23;0;0;deep;deuce;far;-1,658075;20,456562;out;deuce;near;2,594023;-1,774618;1,428247;inside out;In;false;12:17:51;
Rasmus Kopperud Riis;1;serve;Serve;Flat;202,85849;24;0;0;deep;ad;near;-1,213779;4,414729;deep;ad;far;0,308401;22,894987;3,589194;down the T;Out;false;12:18:01;
Rasmus Kopperud Riis;1;serve;Serve;Flat;97,366867;25;0;0;short;deuce;far;-0,718913;17,76152;short;ad;far;0,189526;23,452425;4,229982;down the T;Net;false;12:18:10;
Rasmus Kopperud Riis;1;serve;Serve;Flat;144,786179;26;0;0;short;deuce;near;2,681756;6,564422;deep;deuce;far;-0,209242;23,471222;4,052451;out wide;In;false;12:18:20;
Reidar Andreas Tveit;2;return;Forehand;Flat;70,619415;26;0;0;deep;deuce;far;-2,158562;23,10577;out;deuce;near;3,603283;-0,543617;1,260371;cross court;In;false;12:18:21;
Rasmus Kopperud Riis;3;serve_plus_one;Backhand;Topspin;38,882305;26;0;0;out;deuce;far;-2,562397;23,783424;deep;deuce;far;-2,158562;23,751862;3,060561;inside out;Net;false;12:18:24;
Rasmus Kopperud Riis;1;serve;Serve;Flat;149,505981;27;0;0;short;ad;near;-4,002264;6,019402;deep;ad;far;0,399907;23,244484;3,757228;out wide;In;false;12:18:37;
Reidar Andreas Tveit;2;return;Backhand;Slice;68,264626;27;0;0;deep;ad;far;0,300626;21,452328;out;ad;near;-3,6724;-1,373509;1,159741;cross court;In;false;12:18:38;
Rasmus Kopperud Riis;3;serve_plus_one;Forehand;Topspin;48,155796;27;0;0;deep;deuce;near;4,103293;5,419971;deep;ad;far;0,300626;22,098419;2,696628;inside in;In;false;12:18:39;
Reidar Andreas Tveit;4;return_plus_one;Forehand;Topspin;76,084572;27;0;0;deep;deuce;far;-0,478984;20,764923;out;deuce_alley;near;4,169344;-1,176788;1,499534;down the line;In;false;12:18:41;
Rasmus Kopperud Riis;1;serve;Serve;Flat;154,121185;28;0;0;deep;deuce;near;3,142817;5,470381;deep;deuce;far;-0,299894;23,505909;3,625453;out wide;Out;false;12:18:59;
Reidar Andreas Tveit;2;return;Forehand;Topspin;79,489128;28;0;0;deep;ad;far;0,282147;18,634464;out;deuce;near;3,830875;-0,397597;1,235847;down the line;In;false;12:19:00;
Rasmus Kopperud Riis;0;none;Backhand;Topspin;69,252342;29;0;0;short;deuce;near;0,301426;5,773529;deep;ad;far;0,18383;19,369036;4,306415;down the line;In;false;12:19:05;
Reidar Andreas Tveit;1;none;Backhand;Topspin;32,301311;29;0;0;short;ad;far;0,40109;15,018957;short;ad;near;-0,227222;9,854915;5,450544;cross court;In;false;12:19:10;
Reidar Andreas Tveit;1;serve;Serve;Flat;202,92749;31;0;0;short;deuce;near;0,630987;6,474514;deep;deuce;far;0,01404;23,885366;4,569607;down the T;In;false;12:20:02;
Rasmus Kopperud Riis;2;return;Backhand;Flat;72,065933;31;0;0;deep;ad;far;0,957902;21,32394;out;deuce;near;1,390424;-1,241097;1,290577;inside in;In;false;12:20:03;
Reidar Andreas Tveit;3;serve_plus_one;Forehand;Topspin;50,837738;31;0;0;short;ad;near;-3,046859;6,653219;deep;ad;far;0,957902;21,970032;2,096195;inside out;In;false;12:20:04;
Rasmus Kopperud Riis;4;return_plus_one;Backhand;Flat;61,610641;31;0;0;out;deuce;far;-2,285024;23,932478;out;ad_alley;near;-4,507996;-1,336717;0,81864;down the line;Out;false;12:20:06;
Reidar Andreas Tveit;5;in_play;Forehand;Topspin;99,879265;31;0;0;short;ad;near;-0,853908;7,190185;deep;deuce;far;-0,735579;21,796139;3,794253;down the line;In;false;12:20:08;
Rasmus Kopperud Riis;6;in_play;Forehand;Topspin;58,296429;31;0;0;out;ad_alley;far;4,129838;24,354542;out;ad;near;-0,485353;-0,341217;0,921894;inside in;Out;false;12:20:10;
Reidar Andreas Tveit;1;serve;Serve;Flat;159,443024;32;0;0;deep;ad;near;-2,709358;2,50261;deep;ad;far;0,87008;23,579506;3,819877;down the T;Out;false;12:20:23;
Rasmus Kopperud Riis;2;return;Forehand;Flat;59,507286;32;0;0;deep;ad;far;0,976695;20,378208;out;ad;near;-2,440456;-1,336836;0,951572;inside out;In;false;12:20:24;
Reidar Andreas Tveit;1;serve;Serve;Flat;173,937851;33;0;0;deep;deuce;near;0,711771;1,626782;short;ad;far;0,196314;22,984715;4,654176;down the T;Out;false;12:20:35;
Reidar Andreas Tveit;1;serve;Serve;Flat;159,476837;35;0;0;deep;deuce;near;1,430547;3,420895;deep;deuce;far;-0,271061;23,734354;4,558353;down the T;Out;false;12:20:58;
Rasmus Kopperud Riis;2;return;Backhand;Flat;60,287647;35;0;0;deep;ad;far;0,575518;20,423243;out;deuce;near;1,948825;-1,57459;1,234065;inside in;In;false;12:20:59;
Reidar Andreas Tveit;1;serve;Serve;Flat;178,14856;36;0;0;short;deuce;near;1,762879;7,763088;deep;deuce;far;0,229971;23,79332;4,150155;down the T;In;false;12:21:07;
Rasmus Kopperud Riis;2;return;Forehand;Topspin;67,091263;36;0;0;deep;deuce;far;-1,349534;22,383968;out;deuce;near;2,746096;-0,669506;0,849247;cross court;In;false;12:21:08;
Reidar Andreas Tveit;3;serve_plus_one;Forehand;Topspin;56,884747;36;0;0;deep;deuce;near;0,580514;2,661476;deep;deuce;far;-1,349534;23,03006;0,653612;cross court;In;false;12:21:09;
Reidar Andreas Tveit;1;serve;Serve;Flat;69,397873;38;0;0;short;ad;near;-0,073303;8,568846;deep;ad;far;1,016323;22,661819;3,092431;down the T;In;false;12:21:26;
Rasmus Kopperud Riis;2;return;Forehand;Topspin;68,685486;38;0;0;short;ad;far;1,110895;16,570705;out;center_line;near;-0,019074;-1,995127;1,215554;down the line;In;false;12:21:28;
Reidar Andreas Tveit;1;serve;Serve;Flat;187,104187;39;0;0;deep;deuce;near;2,297475;3,474495;deep;deuce;far;0,210898;24,023657;3,218282;down the T;Out;false;12:21:44;
Rasmus Kopperud Riis;2;return;Forehand;Flat;72,171104;39;0;0;short;deuce;near;3,030375;11,500201;out;deuce;near;2,821983;-0,51462;1,162493;cross court;Net;false;12:21:45;
Rasmus Kopperud Riis;3;serve_plus_one;Forehand;Topspin;14,781431;39;0;0;short;deuce;near;1,776357;6,686506;short;deuce;near;2,027813;10,740294;4,763349;cross court;Net;false;12:21:47;
Reidar Andreas Tveit;1;serve;Serve;Flat;126,629517;40;0;0;short;deuce;near;3,555282;7,819502;deep;deuce;far;0,145842;23,556732;4,292284;out wide;In;false;12:21:52;
Rasmus Kopperud Riis;2;return;Forehand;Flat;50,54385;40;0;0;short;ad;far;1,412884;14,313824;deep;deuce_alley;near;4,131701;-0,093077;1,315266;down the line;In;false;12:21:53;
Reidar Andreas Tveit;3;serve_plus_one;Backhand;Topspin;53,108353;40;0;0;deep;ad;far;0,67695;19,432001;deep;ad;far;0,095747;19,16316;4,108038;cross court;Net;false;12:21:57;
Reidar Andreas Tveit;4;return_plus_one;Overhead;Flat;36,018597;40;0;0;short;ad;near;-0,081754;7,250284;short;ad;far;0,349831;14,549839;5,157757;---;In;false;12:22:00;
Rasmus Kopperud Riis;5;in_play;Overhead;Flat;25,0998;40;0;0;short;deuce;far;-1,221731;16,641956;short;ad;near;-0,081754;10,173327;5,280367;---;In;false;12:22:01;
Rasmus Kopperud Riis;1;serve;Serve;Flat;147,678696;42;0;0;short;deuce;far;-2,471998;18,282429;deep;deuce;near;0,832005;-0,056431;2,558291;out wide;In;false;12:22:50;
Reidar Andreas Tveit;2;return;Forehand;Topspin;66,903618;42;0;0;out;deuce;near;2,739045;-0,673045;out;deuce;far;-3,059555;24,640255;0,875061;cross court;Out;false;12:22:51;
Rasmus Kopperud Riis;1;serve;Serve;Slice;129,136154;43;0;0;deep;ad;far;3,325324;18,328867;deep;ad;near;0,262663;1,229468;2,914172;out wide;Out;false;12:23:02;
Reidar Andreas Tveit;2;return;Backhand;Slice;52,802494;43;0;0;deep;ad;near;-0,729598;1,573747;deep;ad;far;2,215085;23,487377;1,171003;cross court;In;false;12:23:03;
Rasmus Kopperud Riis;3;serve_plus_one;Forehand;Topspin;107,85965;43;0;0;out;deuce;far;-4,1011;25,25909;out;ad;near;-0,912891;-0,474808;1,116094;inside in;Out;false;12:23:06;
Reidar Andreas Tveit;4;return_plus_one;Forehand;Flat;81,181465;43;0;0;out;ad;near;-1,455617;-0,144982;out;deuce;far;-3,772639;24,83197;1,501139;down the line;Out;false;12:23:07;
Rasmus Kopperud Riis;5;in_play;Backhand;Topspin;58,534523;43;0;0;deep;ad;far;0,409755;19,373301;out;ad;near;-1,455617;-0,27345;0,14919;cross court;In;false;12:23:08;
Rasmus Kopperud Riis;1;serve;Serve;Slice;95,228584;44;0;0;deep;deuce;far;-3,965509;21,412088;deep;deuce;near;1,041536;0,782501;2,644757;out wide;Out;false;12:23:24;
Reidar Andreas Tveit;2;return;Forehand;Topspin;69,697578;44;0;0;short;ad;near;-3,654957;7,552323;out;deuce;far;-3,965509;24,712646;0,92606;down the line;In;false;12:23:25;
Rasmus Kopperud Riis;3;serve_plus_one;Backhand;Topspin;65,881966;44;0;0;out;ad;far;3,169466;24,801733;deep;ad;near;-2,486929;1,127262;0,853247;cross court;Out;false;12:23:27;
Rasmus Kopperud Riis;1;serve;Serve;Flat;83,067375;45;0;0;short;ad;far;0,718391;16,400244;deep;ad;near;-0,106164;0,226026;2,660368;down the T;In;false;12:23:42;
Reidar Andreas Tveit;2;return;Forehand;Topspin;44,142811;45;0;0;short;ad;far;0,227376;14,065821;deep;ad;far;0,718391;24,333511;1,869823;inside out;Net;false;12:23:44;
Rasmus Kopperud Riis;1;serve;Serve;Flat;81,695465;46;0;0;short;ad;far;1,291978;16,179838;deep;ad;near;-0,353919;0,346843;2,7737;down the T;In;false;12:23:52;
Reidar Andreas Tveit;2;return;Overhead;Flat;159,443024;46;0;0;deep;ad;near;-0,096318;2,286057;short;ad;far;0,438745;14,560602;1,589756;---;In;false;12:23:58;
Rasmus Kopperud Riis;1;serve;Serve;Slice;85,909805;48;0;0;short;deuce;far;-3,566554;15,500267;deep;deuce;near;0,919045;0,103789;2,623639;out wide;In;false;12:24:10;
Reidar Andreas Tveit;2;return;Forehand;Topspin;69,078384;48;0;0;deep;deuce;near;0,899854;1,937029;out;deuce;far;-3,420348;24,861549;1,014263;cross court;In;false;12:24:12;
Rasmus Kopperud Riis;3;serve_plus_one;Forehand;Topspin;60,652317;48;0;0;deep;ad;far;3,150084;23,416073;deep;deuce;near;0,956623;0,182996;0,814114;down the line;In;false;12:24:13;
Reidar Andreas Tveit;4;return_plus_one;Backhand;Topspin;46,929222;48;0;0;out;ad;far;2,879944;25,007275;deep;ad;far;2,928483;23,952961;3,344766;cross court;Net;false;12:24:15;
Rasmus Kopperud Riis;1;serve;Serve;Flat;101,311607;49;0;0;deep;ad;far;1,582298;18,308119;deep;ad;near;0,078897;0,268715;2,495217;down the T;Out;false;12:24:30;
Rasmus Kopperud Riis;1;serve;Serve;Flat;113,77037;50;0;0;deep;ad;far;0,529756;20,027597;out;ad;near;-0,357341;-0,358183;2,694621;down the T;Out;false;12:24:37;
Reidar Andreas Tveit;2;return;Forehand;Topspin;72,14019;50;0;0;deep;deuce;near;1,059911;3,654182;deep;ad;far;1,03721;22,852089;1,942505;inside in;In;false;12:24:39;
Rasmus Kopperud Riis;3;serve_plus_one;Forehand;Topspin;55,855057;50;0;0;deep;deuce;far;-1,099127;20,309418;out;deuce;near;1,093857;-0,469562;1,080576;cross court;In;false;12:24:40;
Reidar Andreas Tveit;4;return_plus_one;Forehand;Topspin;137,000748;50;0;0;deep;ad;near;-1,319483;3,203101;deep;deuce;far;-1,099127;20,955509;1,721511;down the line;In;false;12:24:42;
Rasmus Kopperud Riis;5;in_play;Backhand;Topspin;77,295273;50;0;0;deep;deuce;far;-3,036144;22,303997;out;ad;near;-1,053661;-0,247483;1,041961;down the line;In;false;12:24:43;
Reidar Andreas Tveit;6;in_play;Forehand;Topspin;95,24086;50;0;0;deep;deuce;near;1,895331;1,999562;out;deuce;far;-2,054489;25,286465;0,888856;cross court;In;false;12:24:44;
Rasmus Kopperud Riis;7;in_play;Forehand;Topspin;82,30381;50;0;0;deep;ad;far;2,058787;20,727808;out;deuce;near;3,529644;-0,532945;1,03855;down the line;In;false;12:24:46;
Reidar Andreas Tveit;8;in_play;Backhand;Topspin;35,077564;50;0;0;short;deuce;near;0,312964;7,505505;deep;ad;far;2,058787;21,373899;5,257334;down the line;In;false;12:24:50;
Rasmus Kopperud Riis;1;serve;Serve;Slice;93,768105;52;0;0;short;deuce;far;-4,024373;16,685181;deep;deuce;near;0,62483;0,619449;2,593839;out wide;In;false;12:25:12;
Reidar Andreas Tveit;2;return;Forehand;Topspin;76,79277;52;0;0;out;deuce_alley;near;4,250472;-0,663777;out;deuce_alley;far;-4,519578;24,605089;0,932162;cross court;Out;false;12:25:13;
Reidar Andreas Tveit;3;serve_plus_one;Backhand;Topspin;38,36779;52;0;0;deep;ad;far;0,836342;18,603283;deep;ad;far;1,703994;19,817356;4,886319;cross court;Net;false;12:25:17;
Rasmus Kopperud Riis;1;serve;Serve;Flat;87,413597;53;0;0;short;ad;far;0,309054;18,102011;deep;deuce;near;0,268354;0,248481;2,567405;down the T;Out;false;12:25:39;
Reidar Andreas Tveit;2;return;Forehand;Flat;17,34923;53;0;0;short;deuce;far;-0,269987;13,162576;short;deuce;far;-0,657956;15,195714;5,634435;cross court;Net;false;12:25:44;
Reidar Andreas Tveit;1;serve;Serve;Flat;78,023956;55;0;0;short;ad;near;-0,848312;11,741038;deep;deuce;near;0,434996;0,302928;2,650958;down the T;Net;false;12:27:01;
Reidar Andreas Tveit;1;serve;Serve;Slice;100,183807;56;0;0;deep;deuce;far;-3,007302;22,78936;deep;deuce;near;0,77695;0,742766;2,762725;out wide;Out;false;12:27:09;
Rasmus Kopperud Riis;2;return;Forehand;Flat;75,366356;56;0;0;deep;deuce;near;2,014516;4,115521;deep;deuce;far;-3,577533;23,872486;0,778724;cross court;In;false;12:27:10;
Reidar Andreas Tveit;3;serve_plus_one;Forehand;Flat;64,706261;56;0;0;out;deuce;far;-3,832438;23,810192;deep;deuce;near;2,334074;0,216544;0,862746;cross court;Out;false;12:27:11;
Reidar Andreas Tveit;1;serve;Serve;Flat;58,530003;57;0;0;short;deuce;near;0,990105;11,225129;deep;ad;near;-0,765438;0,818684;2,563659;down the T;Net;false;12:27:27;
Reidar Andreas Tveit;1;serve;Serve;Flat;127,229958;58;0;0;short;ad;far;2,045504;14,738913;deep;ad;near;-0,147128;0,093839;2,518054;out wide;In;false;12:27:36;
Rasmus Kopperud Riis;2;return;Forehand;Flat;68,769371;58;0;0;out;deuce;near;1,020229;-0,074135;deep;ad;far;1,336096;22,995228;2,642314;inside in;Out;false;12:27:37;
Reidar Andreas Tveit;3;serve_plus_one;Forehand;Topspin;55,633396;58;0;0;short;deuce;far;-1,453791;17,833372;deep;deuce;near;0,80509;0,959583;1,444194;cross court;In;false;12:27:39;
Reidar Andreas Tveit;1;serve;Serve;Slice;116,510994;59;0;0;deep;deuce;far;-1,970738;19,476168;deep;deuce;near;0,451564;0,824496;2,705385;down the T;Out;false;12:27:55;
Rasmus Kopperud Riis;2;return;Forehand;Flat;36,929585;59;0;0;out;deuce_alley;far;-5,27506;24,387161;deep;deuce;far;-2,199255;24,348907;2,186541;down the line;Net;false;12:27:56;
Reidar Andreas Tveit;1;serve;Serve;Flat;90,381813;60;0;0;deep;deuce;far;-2,900636;20,954369;deep;ad;near;0,874353;0,838951;2,77877;out wide;Out;false;12:28:03;
Reidar Andreas Tveit;1;serve;Serve;Flat;58,967243;62;0;0;short;deuce;near;1,243095;11,691684;deep;ad;near;-0,310771;0,452087;2,517758;down the T;Net;false;12:28:26;
Reidar Andreas Tveit;1;serve;Serve;Flat;56,003342;63;0;0;short;deuce;near;2,083535;5,786922;deep;ad;near;-0,557102;0,099449;2,534834;out wide;Net;false;12:28:34;
Reidar Andreas Tveit;1;serve;Serve;Flat;110,202515;64;0;0;deep;deuce;far;-1,138968;20,515133;out;deuce;near;0,41248;-0,164487;2,61221;down the T;Out;false;12:28:53;
Rasmus Kopperud Riis;2;return;Backhand;Flat;56,505764;64;0;0;short;deuce;far;-0,386477;15,247603;out;deuce;far;-1,30404;25,482948;1,392453;inside out;Net;false;12:28:54;
Reidar Andreas Tveit;1;serve;Serve;Slice;121,707466;65;0;0;short;deuce;far;-2,144225;18,265514;deep;deuce;near;0,597533;-0,103927;2,681344;down the T;In;false;12:29:01;
Rasmus Kopperud Riis;2;return;Forehand;Topspin;70,220123;65;0;0;short;ad;near;-0,298309;6,105591;out;deuce;far;-2,549479;24,487926;1,002603;down the line;In;false;12:29:02;
Rasmus Kopperud Riis;3;serve_plus_one;Backhand;Topspin;76,8545;65;0;0;short;deuce;near;2,713528;6,719184;deep;ad;far;2,73763;21,598145;2,080339;down the line;In;false;12:29:06;
Reidar Andreas Tveit;4;return_plus_one;Volley;Flat;33,449589;65;0;0;deep;deuce;near;2,79869;4,854805;short;deuce;near;2,713528;6,590717;1,122349;cross court;Net;false;12:29:07;
Reidar Andreas Tveit;0;none;Backhand;Topspin;61,141529;67;0;0;deep;deuce;far;-1,572763;19,404011;short;ad;near;-0,276478;10,148259;6,023226;down the line;In;false;12:29:11;
Rasmus Kopperud Riis;1;serve;Serve;Flat;159,443024;68;0;0;short;deuce;near;3,838421;8,848431;short;deuce;far;0,635172;23,289427;3,299946;out wide;In;false;12:29:47;
Rasmus Kopperud Riis;1;serve;Serve;Flat;154,566818;69;0;0;deep;ad;near;-2,498957;5,438241;short;ad;far;0,087201;23,588198;4,141448;out wide;Out;false;12:30:08;
Reidar Andreas Tveit;0;none;Forehand;Topspin;80,22599;70;0;0;deep;deuce;far;-0,788733;18,576406;short;deuce;near;0,103537;8,002908;4,572186;cross court;In;false;12:30:31;
Rasmus Kopperud Riis;1;serve;Serve;Flat;154,357101;71;0;0;deep;deuce;near;2,250594;5,449749;short;deuce;far;0,149193;23,620859;4,216768;down the T;Out;false;12:30:40;
Reidar Andreas Tveit;2;return;Backhand;Topspin;72,398735;71;0;0;deep;ad;far;2,556278;22,044868;out;deuce;near;1,726145;-1,031177;1,600845;inside in;In;false;12:30:41;
Rasmus Kopperud Riis;1;serve;Serve;Flat;143,038055;72;0;0;short;ad;near;-2,774544;6,564138;short;deuce;far;-0,246858;23,2563;4,341379;out wide;Out;false;12:30:53;
Reidar Andreas Tveit;2;return;Forehand;Topspin;64,986572;72;0;0;deep;ad;far;1,300638;19,709263;out;ad;near;-1,559448;-1,616212;1,3651;inside out;In;false;12:30:54;
Rasmus Kopperud Riis;3;serve_plus_one;Volley;Flat;34,843319;72;0;0;deep;ad;near;-0,273594;4,388556;deep;ad;far;1,300638;20,355354;4,497664;cross court;In;false;12:30:57;
Reidar Andreas Tveit;4;return_plus_one;Forehand;Topspin;73,251076;72;0;0;short;deuce;near;0,404178;11,323243;out;ad;near;-0,4995;-2,208844;1,396773;inside in;Net;false;12:30:58;
Rasmus Kopperud Riis;1;serve;Serve;Flat;154,452118;73;0;0;short;deuce;near;2,440069;7,888053;deep;deuce;far;0,040292;23,05534;4,109855;out wide;In;false;12:31:17;
Reidar Andreas Tveit;2;return;Forehand;Topspin;56,327057;73;0;0;deep;deuce;far;-0,944713;18,897255;out;deuce;near;3,864329;-0,878332;1,902333;cross court;In;false;12:31:18;
Rasmus Kopperud Riis;3;serve_plus_one;Forehand;Topspin;136,10553;73;0;0;deep;ad;near;-3,293206;3,676589;deep;deuce;far;-0,944713;19,543346;4,288973;down the line;In;false;12:31:20;
Reidar Andreas Tveit;4;return_plus_one;Backhand;Topspin;89,559891;73;0;0;deep;ad;far;1,012552;19,298306;out;ad;near;-3,574808;-1,315912;1,076007;cross court;In;false;12:31:21;
Reidar Andreas Tveit;1;serve;Serve;Flat;188,432678;74;0;0;short;ad;near;-1,03639;6,068675;short;deuce;near;-0,985757;0,138338;1,756266;out wide;Net;false;12:31:35;
Reidar Andreas Tveit;2;return;Forehand;Topspin;72,414139;74;0;0;out;ad;far;2,27509;24,028753;out;ad;near;-1,352461;-1,12004;0,919866;inside out;Out;false;12:31:36;
Rasmus Kopperud Riis;3;serve_plus_one;Backhand;Flat;81,429802;74;0;0;deep;deuce;near;2,917395;1,262369;deep;ad;far;2,749478;23,796444;2,845465;down the line;In;false;12:31:38;
Reidar Andreas Tveit;4;return_plus_one;Forehand;Topspin;58,980064;74;0;0;deep;ad;far;1,118216;19,665991;out;deuce;near;1,526822;-2,264809;1,311793;down the line;In;false;12:31:39;
Rasmus Kopperud Riis;5;in_play;Backhand;Topspin;100,348763;74;0;0;deep;ad_alley;near;-5,056827;2,59115;deep;ad;far;1,118216;20,312082;4,341148;down the line;Out;false;12:31:41;
Reidar Andreas Tveit;6;in_play;Forehand;Topspin;34,021255;74;0;0;deep;deuce;near;2,885154;3,491791;deep;ad;near;-3,836875;5,06178;1,058579;inside in;Net;false;12:31:42;
Rasmus Kopperud Riis;1;serve;Serve;Flat;181,681351;75;0;0;deep;deuce;near;2,976853;5,483065;deep;deuce;far;0,116124;23,471222;3,970175;out wide;Out;false;12:31:59;
Reidar Andreas Tveit;2;return;Forehand;Topspin;54,773632;75;0;0;deep;ad;far;0,810382;19,1425;out;deuce;near;3,720549;-1,702714;1,822164;down the line;In;false;12:32:00;
Reidar Andreas Tveit;0;none;Forehand;Topspin;48,593903;76;0;0;deep;ad;near;-1,855436;4,191239;out;deuce;near;3,41832;-1,653699;1,332897;down the line;Net;false;12:32:11;
Reidar Andreas Tveit;1;none;Backhand;Slice;64,805565;76;0;0;short;deuce;near;0,967535;10,886836;out;ad;near;-3,147879;-0,868139;1,187987;down the line;Net;false;12:32:14;
Reidar Andreas Tveit;2;none;Backhand;Topspin;72,815277;76;0;0;deep;ad;far;0,46677;19,463413;short;deuce;near;0,822034;5,629569;4,337834;inside in;In;false;12:32:17;
Rasmus Kopperud Riis;1;serve;Serve;Flat;202,92749;77;0;0;deep;ad;near;-0,737767;2,956449;short;ad;far;0,079986;23,445915;4,427706;down the T;Out;false;12:32:28;
Rasmus Kopperud Riis;1;serve;Serve;Flat;195,680084;78;0;0;short;ad;near;-0,529066;5,639315;short;ad;far;0,113004;23,319557;4,657011;down the T;In;false;12:32:37;
Reidar Andreas Tveit;2;return;Forehand;Topspin;77,878555;78;0;0;deep;deuce;far;-0,552192;19,866966;short;ad;near;-0,186727;6,873918;2,717423;inside in;In;false;12:32:39;
Rasmus Kopperud Riis;3;serve_plus_one;Forehand;Flat;108,955437;78;0;0;deep;deuce;near;2,632116;2,632838;deep;deuce;far;-0,552192;20,513058;2,173521;---;In;false;12:32:40;
Reidar Andreas Tveit;4;return_plus_one;Forehand;Flat;55,760078;78;0;0;short;deuce;near;3,207001;9,590434;out;deuce;near;2,632116;-0,295504;-0,009162;cross court;Net;false;12:32:41;
Reidar Andreas Tveit;5;in_play;Backhand;Topspin;97,159386;78;0;0;short;deuce;far;-0,129088;17,058933;short;deuce;near;2,498273;10,069586;2,528668;inside out;In;false;12:32:42;
Reidar Andreas Tveit;1;serve;Serve;Flat;172,009781;81;0;0;deep;deuce;near;0,343987;3,742159;deep;deuce;far;-0,243995;24,14599;4,437263;down the T;Out;false;12:34:38;
Reidar Andreas Tveit;1;serve;Serve;Flat;205,621643;82;0;0;short;ad;near;-2,759786;6,595771;deep;ad;far;0,566842;23,192524;3,146208;out wide;In;false;12:34:49;
Rasmus Kopperud Riis;2;return;Forehand;Flat;81,184731;82;0;0;short;ad;far;3,691999;18,181629;out;ad;near;-3,007511;-2,029495;1,142716;inside out;In;false;12:34:50;
Reidar Andreas Tveit;3;serve_plus_one;Backhand;Topspin;60,680763;82;0;0;out;ad;near;-1,230436;-2,050876;deep;ad;far;3,093904;22,428436;2,075128;cross court;Out;false;12:34:52;
Reidar Andreas Tveit;1;serve;Serve;Flat;137,662582;83;0;0;deep;deuce_alley;near;5,272998;4,186684;deep;deuce;far;0,14111;23,754496;4,053507;out wide;Out;false;12:35:08;
Rasmus Kopperud Riis;2;return;Backhand;Topspin;32,577557;83;0;0;short;ad;far;0,369433;16,857695;short;deuce;near;0,753152;9,693911;5,350483;inside in;In;false;12:35:11;
Reidar Andreas Tveit;1;serve;Serve;Flat;119,156113;84;0;0;deep;deuce;near;4,0116;4,460904;deep;deuce;far;0,042682;23,796844;4,019557;out wide;Out;false;12:35:17;
Rasmus Kopperud Riis;2;return;Forehand;Topspin;60,906136;84;0;0;deep;ad;far;0,026557;18,983547;out;deuce;near;2,568143;-0,811351;1,032306;down the line;In;false;12:35:17;
Reidar Andreas Tveit;1;serve;Serve;Flat;142,68248;85;0;0;deep;ad;near;-2,929568;3,939093;deep;ad;far;0,63065;23,347187;3,155265;out wide;Out;false;12:35:33;
Rasmus Kopperud Riis;2;return;Forehand;Topspin;65,499557;85;0;0;deep;ad;far;1,947734;21,55373;out;ad;near;-1,6762;-1,075496;1,000446;inside out;In;false;12:35:33;
Reidar Andreas Tveit;1;serve;Serve;Flat;125,550941;86;0;0;deep;ad;near;-3,712906;5,430948;deep;ad;far;0,685075;23,396402;3,43194;out wide;Out;false;12:35:42;
Rasmus Kopperud Riis;2;return;Backhand;Topspin;73,756828;86;0;0;deep;deuce;far;-0,057085;23,740641;out;ad_alley;near;-4,177616;-1,93209;1,047668;down the line;In;false;12:35:43;
Reidar Andreas Tveit;3;serve_plus_one;Forehand;Flat;85,996483;86;0;0;out;deuce;far;-0,538061;24,028753;deep;deuce;far;-0,538061;20,187214;4,103601;cross court;Net;false;12:35:46;
Reidar Andreas Tveit;1;serve;Serve;Flat;119,235893;87;0;0;deep;deuce;near;4,056781;3,39392;deep;deuce;far;-0,484644;23,819107;3,571999;out wide;Out;false;12:36:14;
Rasmus Kopperud Riis;2;return;Forehand;Topspin;55,827076;87;0;0;short;ad;near;-1,404883;8,58487;out;deuce;near;2,406484;-1,422661;1,049092;down the line;Net;false;12:36:15;
Rasmus Kopperud Riis;3;serve_plus_one;Forehand;Topspin;48,685398;87;0;0;deep;deuce;far;-0,310021;18,346661;short;ad;near;-3,497367;9,714128;3,094206;inside in;In;false;12:36:17;
Reidar Andreas Tveit;1;serve;Serve;Flat;195,680084;88;0;0;deep;ad;near;-1,098538;3,636644;deep;ad;far;0,720098;23,742788;3,872129;down the T;Out;false;12:36:27;
Reidar Andreas Tveit;1;serve;Serve;Flat;137,216766;89;0;0;short;ad;near;-4,077136;9,8806;deep;ad;far;0,56652;24,106279;3,739155;out wide;In;false;12:36:35;
Rasmus Kopperud Riis;2;return;Backhand;Topspin;76,304665;89;0;0;deep;ad;far;1,696244;19,34535;out;ad_alley;near;-4,362264;-1,540086;1,044402;down the line;In;false;12:36:36;
Reidar Andreas Tveit;3;serve_plus_one;Forehand;Flat;54,709911;89;0;0;short;ad;far;0,802713;18,226231;deep;ad;far;2,221035;23,85881;3,163275;inside out;Net;false;12:36:38;
Rasmus Kopperud Riis;0;none;Forehand;Topspin;46,953594;90;0;0;short;deuce;near;0,501031;11,514167;out;deuce_alley;near;4,470958;-0,79724;2,819674;down the line;Net;false;12:37:33;
Rasmus Kopperud Riis;1;serve;Serve;Flat;173,937851;91;0;0;deep;deuce;near;1,223014;5,431114;short;ad;far;0,727297;23,388689;2,41636;down the T;Out;false;12:37:47;
Rasmus Kopperud Riis;1;serve;Serve;Flat;188,432678;92;0;0;short;ad;near;-2,837461;7,019403;deep;ad;far;-1,309255;22,818127;3,90171;out wide;In;false;12:37:55;
Reidar Andreas Tveit;2;return;Backhand;Slice;68,912453;92;0;0;deep;deuce;far;-0,814845;21,519573;out;ad;near;-3,758973;-0,745118;0,825354;down the line;In;false;12:37:55;
Rasmus Kopperud Riis;3;serve_plus_one;Forehand;Flat;98,52636;92;0;0;deep;deuce;near;3,193196;3,696484;deep;deuce;far;-1,15569;24,125332;0,788833;cross court;In;false;12:37:58;
Reidar Andreas Tveit;4;return_plus_one;Forehand;Flat;62,812504;92;0;0;short;deuce;near;1,394063;10,90487;out;deuce;near;3,195936;-0,90969;0,975556;cross court;Net;false;12:37:59;
Reidar Andreas Tveit;5;in_play;Backhand;Topspin;35,306271;92;0;0;short;ad;far;0,890205;17,136446;short;deuce;near;0,692816;8,751352;4,561799;inside in;In;false;12:38:02;
Rasmus Kopperud Riis;1;serve;Serve;Flat;159,443024;93;0;0;short;deuce;near;3,000062;7,925496;short;deuce;far;0,003659;23,355911;4,062683;out wide;In;false;12:38:12;
Reidar Andreas Tveit;2;return;Backhand;Topspin;97,205261;93;0;0;deep;ad;far;0,245183;19,487663;short;deuce;near;0,194298;6,483525;5,724017;inside in;In;false;12:38:16;
Rasmus Kopperud Riis;1;serve;Serve;Flat;152,195618;94;0;0;deep;ad;near;-2,767873;5,470973;short;ad;far;-0,604885;23,244484;4,013883;out wide;Out;false;12:38:34;
Reidar Andreas Tveit;2;return;Backhand;Topspin;64,711433;94;0;0;deep;deuce;far;-0,685743;19,681374;out;ad;near;-3,008597;-0,770992;1,333121;down the line;In;false;12:38:34;
Rasmus Kopperud Riis;1;serve;Serve;Flat;173,937851;95;0;0;deep;ad;near;-1,158078;2,494854;short;deuce;far;-1,13248;23,537323;1,884608;down the T;Out;false;12:38:44;
Reidar Andreas Tveit;2;return;Forehand;Topspin;60,920097;95;0;0;short;deuce;far;-0,045233;18,091606;short;deuce;near;0,0611;8,043632;5,802182;cross court;In;false;12:38:48;
Rasmus Kopperud Riis;1;serve;Serve;Flat;74,943672;96;0;0;short;ad;far;2,017805;16,332033;deep;deuce;far;-0,591978;23,432503;3,589875;out wide;Net;false;12:39:16;
Reidar Andreas Tveit;0;none;Forehand;Slice;65,681137;97;0;0;deep;deuce;far;-2,17017;21,524286;out;ad;near;-0,779432;-1,332603;1,706448;inside in;In;false;12:39:43;
Rasmus Kopperud Riis;1;none;Forehand;Flat;84,714417;97;0;0;deep;deuce;near;3,555066;0,925531;deep;deuce;far;-1,282513;22,20882;1,749184;cross court;In;false;12:39:45;
Rasmus Kopperud Riis;1;serve;Serve;Flat;159,443024;98;0;0;short;deuce;near;1,807248;5,953448;short;deuce;far;0,643193;23,604927;4,023844;down the T;In;false;12:40:21;
Reidar Andreas Tveit;2;return;Forehand;Topspin;71,489471;98;0;0;deep;ad;far;1,536766;21,421001;out;deuce;near;4,049646;-1,2005;1,011517;down the line;In;false;12:40:22;
Rasmus Kopperud Riis;3;serve_plus_one;Backhand;Topspin;42,728615;98;0;0;short;ad;near;-1,427383;11,68609;deep;ad;far;1,536766;22,067093;3,902434;cross court;In;false;12:40:29;
Rasmus Kopperud Riis;1;serve;Serve;Flat;196,656326;99;0;0;short;ad;near;-1,918761;7,82615;deep;ad;far;0,60095;23,600822;4,133479;down the T;In;false;12:40:46;
Reidar Andreas Tveit;2;return;Forehand;Topspin;72,094421;99;0;0;deep;ad;far;2,076269;20,480301;out;ad;near;-2,273899;-1,06194;0,731751;inside out;In;false;12:40:47;
Reidar Andreas Tveit;0;none;Forehand;Topspin;62,129517;100;0;0;deep;deuce;far;-0,61943;19,884285;out;ad;near;-0,735433;-1,09468;1,03936;inside in;In;false;12:40:57;
Reidar Andreas Tveit;1;serve;Serve;Flat;80,676262;103;0;0;short;deuce;far;-0,763306;14,454188;deep;deuce;near;0,762309;0,991179;2,717265;down the T;In;false;12:41:34;
Rasmus Kopperud Riis;2;return;Backhand;Flat;40,960609;103;0;0;short;ad;far;0,929315;15,498779;out;deuce;far;-0,545206;24,460508;0,98542;inside in;Net;false;12:41:35;
Reidar Andreas Tveit;1;serve;Serve;Slice;69,085342;104;0;0;short;ad;far;1,034244;18,242422;deep;ad;near;-0,504051;0,261568;2,476108;down the T;In;false;12:41:46;
Rasmus Kopperud Riis;2;return;Forehand;Flat;46,255505;104;0;0;short;deuce;near;2,764272;10,651262;deep;ad;far;1,216789;23,747471;1,954783;inside in;In;false;12:41:48;
Reidar Andreas Tveit;1;serve;Serve;Flat;143,916565;105;0;0;short;deuce;far;-1,271328;17,965412;deep;deuce;near;0,432796;1,233367;2,587574;down the T;In;false;12:42:21;
Rasmus Kopperud Riis;2;return;Backhand;Flat;53,927727;105;0;0;deep;deuce;near;2,433453;3,983494;out;deuce;far;-1,268459;25,053917;1,733652;inside out;In;false;12:42:22;
Reidar Andreas Tveit;3;serve_plus_one;Forehand;Flat;78,917862;105;0;0;deep;deuce;far;-0,313566;20,029583;out;deuce;near;3,418192;-0,678085;1,429441;cross court;In;false;12:42:24;
Rasmus Kopperud Riis;4;return_plus_one;Backhand;Topspin;42,997353;105;0;0;deep;ad;near;-4,081961;5,066263;deep;deuce;far;-0,313566;20,675674;3,537852;inside in;In;false;12:42:25;
Reidar Andreas Tveit;1;serve;Serve;Flat;92,641617;106;0;0;deep;ad;far;0,114785;18,290476;deep;ad;near;-0,602039;0,161412;2,985214;down the T;Out;false;12:42:57;
Rasmus Kopperud Riis;2;return;Backhand;Topspin;35,302639;106;0;0;short;center_line;far;0,005764;16,374275;deep;ad;far;0,947169;21,665241;1,764781;down the line;Net;false;12:42:58;
Reidar Andreas Tveit;1;serve;Serve;Flat;131,139038;107;0;0;short;ad;far;2,773689;18,284227;deep;ad;near;0,004684;0,82023;2,505299;out wide;In;false;12:43:05;
Rasmus Kopperud Riis;2;return;Backhand;Topspin;64,750587;107;0;0;short;deuce;near;2,123045;7,739284;deep;ad;far;1,924062;23,904861;3,035715;down the line;In;false;12:43:06;
Reidar Andreas Tveit;3;serve_plus_one;Forehand;Topspin;58,061897;107;0;0;short;deuce;near;1,986627;11,663837;deep;deuce;near;1,067219;1,914591;1,07728;cross court;Net;false;12:43:08;
Reidar Andreas Tveit;4;return_plus_one;Forehand;Topspin;64,734764;107;0;0;deep;ad;far;0,792691;19,348343;deep;deuce;near;0,792691;4,554524;4,451079;down the line;In;false;12:43:12;
Reidar Andreas Tveit;1;serve;Serve;Flat;111,203247;108;0;0;deep;ad;far;0,800411;20,828518;deep;deuce;near;0,50687;0,900608;2,632887;down the T;Out;false;12:43:29;
Rasmus Kopperud Riis;2;return;Backhand;Slice;66,936317;108;0;0;deep;deuce;far;-0,953124;18,400116;deep;deuce;far;-0,52385;24,291016;1,535454;inside out;Net;false;12:43:30;
Reidar Andreas Tveit;1;serve;Serve;Slice;102,707077;109;0;0;out;deuce;far;-2,150457;24,045858;deep;deuce;near;0,461387;0,426692;2,721537;down the T;Out;false;12:43:38;
Rasmus Kopperud Riis;2;return;Forehand;Topspin;90,056107;109;0;0;deep;deuce;near;0,696497;0,093901;out;deuce;far;-2,388973;24,658726;1,25185;cross court;In;false;12:43:39;
Reidar Andreas Tveit;3;serve_plus_one;Forehand;Flat;82,843048;109;0;0;deep;deuce;far;-1,44739;21,577538;deep;deuce;near;1,313759;0,71512;1,255147;cross court;In;false;12:43:40;
Rasmus Kopperud Riis;4;return_plus_one;Forehand;Flat;75,036507;109;0;0;short;deuce;near;4,090887;6,048536;deep;deuce;far;-1,116626;21,878307;2,379212;cross court;In;false;12:43:42;
Reidar Andreas Tveit;5;in_play;Forehand;Slice;63,626358;109;0;0;out;ad;far;2,278409;23,868526;deep;deuce;near;3,507947;0,019673;1,09739;down the line;Out;false;12:43:43;
Reidar Andreas Tveit;1;serve;Serve;Flat;157,777283;110;0;0;deep;ad;far;2,526788;21,229027;deep;ad;near;-0,132789;0,002162;2,44505;down the T;Out;false;12:44:08;
Rasmus Kopperud Riis;2;return;Forehand;Topspin;48,784927;110;0;0;short;ad;far;0,068543;17,673227;out;ad;far;3,041526;24,981724;2,044209;inside out;Net;false;12:44:09;
Reidar Andreas Tveit;1;serve;Serve;Slice;117,648376;111;0;0;deep;deuce;far;-0,481686;23,470488;deep;ad;near;-1,004878;0,234265;2,706055;down the T;Out;false;12:44:16;
Rasmus Kopperud Riis;2;return;Overhead;Flat;123,510292;111;0;0;deep;deuce;far;-0,199517;21,799576;deep;ad;far;0,376333;22,777872;3,282434;---;Net;false;12:44:17;
Reidar Andreas Tveit;1;serve;Serve;Slice;92,499229;113;0;0;deep;deuce_alley;far;-5,349178;22,099758;deep;ad;near;0,74864;-0,113101;2,656514;out wide;Out;false;12:45:49;
Reidar Andreas Tveit;1;serve;Serve;Slice;76,848114;114;0;0;deep;deuce_alley;far;-4,986685;21,397655;deep;ad;near;0,604336;1,240003;2,666246;out wide;Out;false;12:45:57;
Reidar Andreas Tveit;1;serve;Serve;Flat;132,380966;115;0;0;deep;ad;far;1,34236;19,718952;out;ad;near;0,028412;-0,493274;2,615178;down the T;Out;false;12:46:16;
Rasmus Kopperud Riis;2;return;Forehand;Flat;62,432411;115;0;0;short;ad;near;-1,633943;10,570604;deep;ad;far;0,788099;23,647911;2,676405;inside out;In;false;12:46:17;
Reidar Andreas Tveit;3;serve_plus_one;Forehand;Flat;61,564545;115;0;0;deep;ad;far;1,63324;18,598888;deep;ad;near;-1,47172;0,399386;0,677495;inside out;In;false;12:46:19;
Rasmus Kopperud Riis;4;return_plus_one;Overhead;Flat;147,925461;115;0;0;short;deuce;near;0,312197;7,040822;deep;ad;far;1,63324;19,24498;4,843437;---;In;false;12:46:21;
Reidar Andreas Tveit;5;in_play;Overhead;Topspin;22,864906;115;0;0;deep;deuce;far;-2,438763;20,041975;short;deuce;near;0,312197;8,664308;5,572143;inside out;In;false;12:46:22;
Reidar Andreas Tveit;1;serve;Serve;Slice;117,830482;116;0;0;short;deuce;far;-3,257612;17,82608;deep;deuce;near;0,590781;0,270972;2,604844;out wide;In;false;12:46:38;
Rasmus Kopperud Riis;2;return;Forehand;Topspin;53,634018;116;0;0;short;deuce;far;-1,822822;12,221532;out;deuce_alley;far;-4,190285;25,080107;0,942777;down the line;Net;false;12:46:39;
Reidar Andreas Tveit;1;serve;Serve;Flat;65,311325;117;0;0;short;deuce;near;1,637026;7,594562;out;ad;near;0,099404;-0,587478;2,571473;out wide;Net;false;12:46:57;
Reidar Andreas Tveit;1;serve;Serve;Flat;80,135193;118;0;0;deep;ad;far;1,033213;22,64035;out;ad;near;-0,140051;-0,655059;2,617512;down the T;Out;false;12:47:05;
Rasmus Kopperud Riis;2;return;Forehand;Topspin;89,14695;118;0;0;deep;ad;near;-2,378802;5,443248;deep;ad;far;1,033213;23,286442;2,543326;inside out;In;false;12:47:06;
Reidar Andreas Tveit;3;serve_plus_one;Backhand;Topspin;77,331451;118;0;0;deep;deuce;far;-1,457854;20,813545;out;ad;near;-2,570468;-1,176669;1,003148;down the line;In;false;12:47:07;
Rasmus Kopperud Riis;4;return_plus_one;Forehand;Topspin;93,577286;118;0;0;deep;ad;near;-2,232606;0,576488;deep;deuce;far;-0,608487;23,749254;1,119258;down the line;In;false;12:47:09;
Reidar Andreas Tveit;5;in_play;Backhand;Topspin;68,171997;118;0;0;out;deuce_alley;near;4,347456;-0,663777;out;ad;near;-1,590413;-0,585691;0,862074;down the line;Net;false;12:47:10;
Reidar Andreas Tveit;1;serve;Serve;Slice;69,174004;119;0;0;deep;deuce;far;-3,687819;22,843212;deep;ad;near;0,62897;0,421551;2,735173;out wide;Out;false;12:47:32;
Reidar Andreas Tveit;1;serve;Serve;Slice;96,497772;120;0;0;deep;deuce;far;-1,092309;18,361303;deep;deuce;near;0,569232;0,365131;2,66263;down the T;Out;false;12:47:40;
Rasmus Kopperud Riis;2;return;Backhand;Slice;51,587193;120;0;0;deep;deuce;near;0,811172;2,550901;deep;deuce;far;-1,746013;23,32962;2,117652;inside out;In;false;12:47:41;
Reidar Andreas Tveit;3;serve_plus_one;Forehand;Flat;47,42041;120;0;0;short;ad;far;1,741807;14,791993;out;deuce;near;1,447615;-1,13603;1,130078;down the line;In;false;12:47:44;
Rasmus Kopperud Riis;4;return_plus_one;Forehand;Flat;27,310513;120;0;0;short;ad;far;1,008124;16,022896;short;ad;far;1,174157;17,632217;5,142338;inside out;Net;false;12:47:46;
Reidar Andreas Tveit;1;serve;Serve;Flat;185,115829;121;0;0;deep;deuce;near;3,436544;5,484767;deep;deuce;far;-0,274641;23,67791;3,983702;out wide;Out;false;12:48:33;
Rasmus Kopperud Riis;2;return;Forehand;Topspin;81,593063;121;0;0;deep;ad;far;1,602794;23,76597;out;deuce;near;4,101975;-0,155649;1,174211;down the line;In;false;12:48:34;
Rasmus Kopperud Riis;3;serve_plus_one;Backhand;Topspin;34,883339;121;0;0;short;ad;far;0,768819;15,979164;short;deuce;near;0,609585;11,859881;5,91089;inside in;In;false;12:48:38;
Reidar Andreas Tveit;4;return_plus_one;Volley;Flat;36,237053;121;0;0;deep;deuce;near;2,95657;5,394297;short;ad;far;0,768819;16,625256;4,677122;down the line;In;false;12:48:40;
Reidar Andreas Tveit;1;serve;Serve;Flat;159,420685;122;0;0;short;ad;near;-3,813753;6,301839;deep;ad;far;0,513644;23,192524;3,94924;out wide;In;false;12:49:02;
Rasmus Kopperud Riis;2;return;Forehand;Flat;74,977081;122;0;0;deep;deuce;far;-0,705087;19,249043;out;ad;near;-3,111358;-1,357731;1,295557;inside in;In;false;12:49:03;
Reidar Andreas Tveit;3;serve_plus_one;Forehand;Flat;139,747498;122;0;0;out;deuce_alley;near;4,152829;-1,983365;deep;ad;far;0,552599;21,019979;2,664079;inside in;Out;false;12:49:05;
Reidar Andreas Tveit;4;return_plus_one;Backhand;Flat;39,684155;122;0;0;deep;ad;far;0,323097;19,188633;deep;ad;far;0,323097;19,834724;4,862863;cross court;Net;false;12:49:08;
Reidar Andreas Tveit;1;serve;Serve;Flat;194,214828;123;0;0;short;deuce;near;2,809836;7,701694;deep;deuce;far;0,533626;23,319557;4,057457;out wide;In;false;12:49:18;
Rasmus Kopperud Riis;2;return;Forehand;Flat;59,613819;123;0;0;deep;ad;far;1,820506;19,809364;out;deuce;near;3,818762;-0,848386;1,275932;down the line;In;false;12:49:19;
Reidar Andreas Tveit;3;serve_plus_one;Volley;Flat;29,268389;123;0;0;short;deuce;far;-0,283664;17,019295;deep;ad;far;1,820506;20,455456;2,965851;down the line;Net;false;12:49:21;
Reidar Andreas Tveit;4;return_plus_one;Backhand;Flat;22,904217;123;0;0;short;center_line;far;-0,017954;12,143995;short;deuce;far;-0,055054;15,375298;4,806017;inside in;Net;false;12:49:22;
Reidar Andreas Tveit;1;serve;Serve;Flat;141,336243;124;0;0;deep;ad;near;-3,803887;0,242721;deep;ad;far;0,631853;23,299776;3,783224;out wide;Out;false;12:49:46;
Rasmus Kopperud Riis;2;return;Forehand;Topspin;57,487385;124;0;0;short;ad;far;0,705394;15,554617;out;ad;near;-1,878729;-1,452636;1,035527;inside out;In;false;12:49:47;
Reidar Andreas Tveit;1;serve;Serve;Flat;124,581802;125;0;0;short;ad;near;-4,10923;8,115864;short;deuce;far;0,150051;23,458809;3,803962;out wide;Out;false;12:49:55;
Rasmus Kopperud Riis;2;return;Forehand;Topspin;61,787281;125;0;0;deep;ad;far;3,565857;19,545952;out;ad;near;-2,3458;-1,147971;1,091402;inside out;In;false;12:49:56;
Reidar Andreas Tveit;1;serve;Serve;Flat;87,104721;126;0;0;short;deuce;far;-0,547011;16,685181;deep;deuce;far;-0,162664;23,769947;4,141508;down the T;Net;false;12:50:33;
Reidar Andreas Tveit;1;serve;Serve;Flat;165,305176;127;0;0;short;deuce;near;2,021744;7,449568;deep;deuce;far;0,071707;23,865911;3,88736;down the T;In;false;12:50:46;
Rasmus Kopperud Riis;2;return;Forehand;Topspin;87,24646;127;0;0;deep;deuce;far;-3,600114;20,850639;out;deuce;near;3,117404;-1,186045;1,451537;cross court;In;false;12:50:47;
Reidar Andreas Tveit;3;serve_plus_one;Forehand;Slice;50,570206;127;0;0;short;deuce;far;-1,372472;11,909869;deep;deuce;far;-3,600114;21,496731;1,033906;cross court;Net;false;12:50:48;
Reidar Andreas Tveit;1;serve;Serve;Flat;155,205063;128;0;0;deep;ad;near;-4,05929;4,220245;deep;ad;far;0,440414;23,643412;3,834755;out wide;Out;false;12:51:02;
Rasmus Kopperud Riis;2;return;Forehand;Flat;66,019272;128;0;0;deep;ad;far;0,329305;22,445457;out;ad;near;-2,606062;-1,847106;1,222333;inside out;In;false;12:51:02;
Reidar Andreas Tveit;0;none;Forehand;Topspin;54,859364;129;0;0;short;deuce;far;-0,342119;16,446875;deep;ad;far;0,292295;23,472466;2,878859;inside in;Net;false;12:51:04;
Reidar Andreas Tveit;1;serve;Serve;Flat;143,586578;130;0;0;deep;ad;near;-3,968829;4,376706;deep;ad;far;0,71396;23,68117;3,086832;out wide;Out;false;12:51:12;
Rasmus Kopperud Riis;1;serve;Serve;Flat;210,174911;131;0;0;short;deuce;near;2,523082;7,801897;short;deuce;far;0,054422;23,566031;4,646686;out wide;In;false;12:52:46;
Reidar Andreas Tveit;2;return;Forehand;Topspin;71,581215;131;0;0;short;deuce;near;2,312121;10,961008;out;deuce;near;3,476982;-1,136429;1,261856;cross court;Net;false;12:52:46;
Reidar Andreas Tveit;3;serve_plus_one;Backhand;Topspin;33,713696;131;0;0;short;ad;far;0,387686;16,760777;short;deuce;near;0,767427;9,417943;4,947228;inside in;In;false;12:52:48;
Rasmus Kopperud Riis;1;serve;Serve;Flat;181,185257;132;0;0;deep;ad;near;-0,979879;4,473238;deep;ad;far;0,495543;23,17816;3,958;down the T;Out;false;12:52:59;
Rasmus Kopperud Riis;1;serve;Serve;Flat;166,690445;133;0;0;short;ad;near;-0,942803;5,853263;short;ad;far;-0,332183;23,319557;4,689418;down the T;In;false;12:53:06;
Reidar Andreas Tveit;2;return;Forehand;Flat;70,599571;133;0;0;deep;ad;far;3,910142;21,007084;out;ad;near;-1,282954;-1,002093;0,886891;inside out;In;false;12:53:07;
Rasmus Kopperud Riis;3;serve_plus_one;Backhand;Flat;115,056557;133;0;0;deep;ad;near;-0,991787;5,385371;deep;ad;far;3,585265;22,83626;3,252437;cross court;In;false;12:53:09;
Reidar Andreas Tveit;4;return_plus_one;Backhand;Topspin;56,258743;133;0;0;deep;deuce;far;-0,835635;18,444481;deep;ad;near;-1,778035;0,405886;1,08643;down the line;In;false;12:53:11;
Rasmus Kopperud Riis;5;in_play;Forehand;Topspin;107,448784;133;0;0;deep;deuce;near;1,907604;3,396064;deep;deuce;far;-0,511329;21,147083;1,684723;cross court;In;false;12:53:12;
Reidar Andreas Tveit;6;in_play;Forehand;Flat;77,725182;133;0;0;deep;ad;far;0,853203;18,855371;deep;deuce;near;3,319366;0,789922;1,372174;down the line;In;false;12:53:14;
Rasmus Kopperud Riis;1;serve;Serve;Flat;144,948212;134;0;0;deep;deuce;near;3,835305;3,714186;short;ad;far;2,310047;23,556732;0,991039;out wide;Out;false;12:53:35;
Rasmus Kopperud Riis;1;serve;Serve;Flat;202,92749;135;0;0;short;deuce_alley;near;4,720915;7,947295;short;ad;far;1,163284;23,095278;3,619794;out wide;Out;false;12:53:43;
Reidar Andreas Tveit;2;return;Forehand;Topspin;73,121605;135;0;0;deep;ad;far;0,222101;19,569248;short;deuce;near;2,219097;9,938941;5,412107;down the line;In;false;12:53:44;
Reidar Andreas Tveit;3;serve_plus_one;Backhand;Topspin;103,102852;135;0;0;deep;deuce;far;-0,506577;19,661943;short;deuce;near;2,219097;9,938941;5,412107;inside out;In;false;12:53:50;
Rasmus Kopperud Riis;4;return_plus_one;Forehand;Topspin;31,68187;135;0;0;short;deuce;far;-2,911438;17,750351;deep;deuce_alley;far;-4,36353;21,583096;2,896397;down the line;Net;false;12:53:51;
Rasmus Kopperud Riis;1;serve;Serve;Flat;115,977798;136;0;0;short;ad;near;-2,979318;5,871282;deep;ad;far;0,66859;23,643412;3,672218;out wide;In;false;12:54:06;
Reidar Andreas Tveit;2;return;Backhand;Topspin;57,256611;136;0;0;deep;ad;far;2,348043;20,575329;deep;ad_alley;near;-4,540611;0,838749;1,688224;down the line;In;false;12:54:07;
Rasmus Kopperud Riis;3;serve_plus_one;Backhand;Topspin;104,325241;136;0;0;deep;deuce;near;4,070454;3,068712;deep;ad;far;2,348043;21,22142;4,120881;down the line;In;false;12:54:10;
Reidar Andreas Tveit;4;return_plus_one;Forehand;Topspin;85,973389;136;0;0;short;ad;far;0,318499;17,213837;out;deuce;near;3,633699;-1,740979;1,553732;down the line;In;false;12:54:11;
Reidar Andreas Tveit;0;none;Forehand;Topspin;73,677261;137;0;0;deep;ad;far;0,705862;21,328712;out;deuce;near;3,856456;-1,786646;1,56321;down the line;In;false;12:54:32;
Rasmus Kopperud Riis;1;none;Backhand;Flat;100,09127;137;0;0;deep;ad;near;-1,859651;1,368666;deep;ad;far;0,145298;22,592945;3,377387;cross court;In;false;12:54:34;
Reidar Andreas Tveit;2;none;Backhand;Flat;66,876999;137;0;0;short;ad;far;2,091259;12,36795;out;ad;near;-1,76051;-0,759847;1,206481;cross court;In;false;12:54:35;
Rasmus Kopperud Riis;1;serve;Serve;Flat;127,080673;138;0;0;short;ad;near;-0,729514;6,622313;deep;ad;far;0,609438;22,858768;3,553035;down the T;In;false;12:55:06;
Reidar Andreas Tveit;2;return;Forehand;Topspin;55,676994;138;0;0;deep;ad;far;0,819149;19,079422;out;ad;near;-0,705007;-1,144282;1,269682;inside out;In;false;12:55:07;
Rasmus Kopperud Riis;3;serve_plus_one;Volley;Flat;33,449589;138;0;0;deep;deuce;near;1,10148;0,477799;deep;ad;far;0,819149;19,725513;2,544725;down the line;In;false;12:55:09;
Reidar Andreas Tveit;4;return_plus_one;Forehand;Flat;55,654404;138;0;0;deep;ad;far;2,614813;19,456388;out;deuce;near;0,986078;-0,625895;1,054619;down the line;In;false;12:55:10;
Rasmus Kopperud Riis;5;in_play;Overhead;Flat;37,630787;138;0;0;out;deuce;near;3,153519;-0,231417;deep;ad;far;2,614813;20,10248;1,51201;down the line;Out;false;12:55:12;
Reidar Andreas Tveit;6;in_play;Forehand;Topspin;40,721581;138;0;0;short;ad;far;1,101537;16,697861;short;deuce;near;2,458239;7,538427;3,480906;down the line;In;false;12:55:14;
Rasmus Kopperud Riis;1;serve;Serve;Flat;178,934967;139;0;0;short;deuce;near;2,520617;6,623003;short;deuce;far;-0,085358;22,65391;3,85472;out wide;In;false;12:55:32;
Reidar Andreas Tveit;2;return;Forehand;Topspin;69,453239;139;0;0;deep;deuce;far;-2,014269;20,439634;out;deuce;near;3,471893;-2,156891;1,181072;cross court;In;false;12:55:33;
Rasmus Kopperud Riis;3;serve_plus_one;Forehand;Topspin;41,831879;139;0;0;short;deuce;far;-2,893114;12,109372;deep;deuce;far;-2,014269;21,085726;2,704758;cross court;Net;false;12:55:34;
Rasmus Kopperud Riis;4;return_plus_one;Forehand;Topspin;42,057034;139;0;0;short;deuce;far;-1,239693;16,95401;short;deuce;far;-1,239693;17,600101;4,780953;cross court;Net;false;12:55:36;
Rasmus Kopperud Riis;1;serve;Serve;Flat;144,948212;140;0;0;short;ad;near;-0,712496;5,828212;short;ad;far;-0,113683;23,511354;4,860156;down the T;In;false;12:55:54;
Rasmus Kopperud Riis;1;serve;Serve;Flat;185,712479;141;0;0;short;deuce;near;3,285918;6,881304;short;deuce;far;0,184798;23,2563;4,807867;out wide;In;false;12:56:13;
Reidar Andreas Tveit;2;return;Backhand;Topspin;60,121311;141;0;0;deep;ad;far;0,69516;18,594269;out;deuce;near;3,5294;-1,115173;2,594583;inside in;In;false;12:56:14;
Reidar Andreas Tveit;1;serve;Serve;Slice;60,355484;144;0;0;deep;deuce_alley;far;-5,061461;18,570042;deep;ad;near;0,441246;0,486508;2,518489;out wide;Out;false;12:57:24;
Reidar Andreas Tveit;1;serve;Serve;Flat;131,481308;145;0;0;deep;deuce;far;-2,010267;20,113901;deep;deuce;near;0,526836;0,160037;2,662654;down the T;Out;false;12:57:33;
Rasmus Kopperud Riis;2;return;Forehand;Topspin;59,494282;145;0;0;deep;deuce;near;4,093011;4,862494;out;deuce;far;-2,220744;24,502625;0,955391;cross court;In;false;12:57:34;
Reidar Andreas Tveit;3;serve_plus_one;Forehand;Topspin;64,061546;145;0;0;deep;ad;far;1,375623;22,197834;deep;deuce;near;3,208626;0,913786;1,026732;down the line;In;false;12:57:36;
Reidar Andreas Tveit;1;serve;Serve;Flat;64,231987;146;0;0;deep;ad;far;3,365177;21,408506;out;deuce;near;-0,689695;-0,360314;2,605444;out wide;Out;false;12:57:48;
Reidar Andreas Tveit;1;serve;Serve;Flat;128,713501;147;0;0;deep;ad;far;3,013084;20,638725;deep;ad;near;-0,335405;0,055917;2,585821;out wide;Out;false;12:57:58;
Rasmus Kopperud Riis;2;return;Forehand;Flat;62,071098;147;0;0;deep;deuce;near;0,456588;2,028053;deep;ad;far;2,069701;23,604046;2,402974;inside in;In;false;12:58:00;
Reidar Andreas Tveit;1;serve;Serve;Flat;77,162346;148;0;0;deep;deuce;far;-2,083321;22,254562;deep;deuce;near;0,408451;0,188827;2,582458;down the T;Out;false;12:58:18;
Reidar Andreas Tveit;1;serve;Serve;Flat;84,025009;149;0;0;short;ad;near;-0,531966;11,466869;deep;deuce;near;0,474686;0,051582;2,730873;down the T;Net;false;12:58:25;
Reidar Andreas Tveit;1;serve;Serve;Flat;71,090858;150;0;0;deep;ad;far;0,853356;23,197197;deep;deuce;near;-0,934059;0,006044;2,55462;down the T;Out;false;12:58:45;
Reidar Andreas Tveit;1;serve;Serve;Flat;78,673111;151;0;0;short;ad;far;1,033587;17,460468;deep;ad;near;-0,517802;0,168088;2,418339;down the T;In;false;12:58:53;
Reidar Andreas Tveit;1;serve;Serve;Flat;76,462738;152;0;0;deep;deuce;far;-1,318272;23,753189;deep;ad;near;0,617569;1,47758;2,537653;down the T;Out;false;12:59:17;
Reidar Andreas Tveit;1;serve;Serve;Slice;63,044296;153;0;0;deep;deuce;far;-3,730031;21,507648;deep;ad;near;0,30215;0,246946;2,761945;out wide;Out;false;12:59:29;
Rasmus Kopperud Riis;2;return;Overhead;Flat;124,294998;153;0;0;short;deuce;far;-3,405896;13,363669;deep;deuce;far;-3,730031;22,15374;1,617306;---;Net;false;12:59:30;
Reidar Andreas Tveit;1;serve;Serve;Flat;68,040977;154;0;0;deep;ad;far;0,289274;21,528831;deep;deuce;near;-0,765872;0,715106;2,816286;down the T;Out;false;12:59:45;
Reidar Andreas Tveit;1;serve;Serve;Flat;68,550171;155;0;0;deep;ad;far;1,576468;18,319941;deep;ad;near;-0,872675;-0,009101;2,674423;down the T;Out;false;12:59:54;
Rasmus Kopperud Riis;2;return;Overhead;Flat;58,607258;155;0;0;deep;deuce;near;0,685974;1,472937;deep;ad;far;1,876483;21,322342;2,380809;inside in;In;false;12:59:55;
Reidar Andreas Tveit;3;serve_plus_one;Forehand;Flat;43,483608;155;0;0;short;ad;far;2,290369;13,254058;out;deuce;near;0,526619;-1,098348;1,524;down the line;In;false;12:59:57;
Rasmus Kopperud Riis;4;return_plus_one;Backhand;Flat;96,160698;155;0;0;short;deuce;near;1,318576;6,591698;short;ad;far;1,318576;17,251837;4,811036;down the line;In;false;12:59:59;